{
  "name": "crypto-js",
  "version": "3.1.9",
  "description": "JavaScript library of crypto standards.",
  "license": "MIT",
  "homepage": "http://github.com/brix/crypto-js",
  "repository": {
    "type": "git",
    "url": "http://github.com/brix/crypto-js.git"
  },
  "keywords": [
    "security",
    "crypto",
    "Hash",
    "MD5",
    "SHA1",
    "SHA-1",
    "SHA256",
    "SHA-256",
    "RC4",
    "Rabbit",
    "AES",
    "DES",
    "PBKDF2",
    "HMAC",
    "OFB",
    "CFB",
    "CTR",
    "CBC",
    "Base64"
  ],
  "main": "index.js",
  "dependencies": {},
  "ignore": [],
  "_release": "3.1.9",
  "_resolution": {
    "type": "version",
    "tag": "3.1.9",
    "commit": "c8ac779bb0f5b8c7947422e09e96c75d768b019e"
  },
  "_source": "https://github.com/brix/crypto-js.git",
  "_target": "^3.1.9",
  "_originalSource": "crypto-js",
  "_direct": true
}